"id","name","email","birthday"
1,"mbedham0","aturley0@ameblo.jp","2021-02-22"
2,"abettington1","aarkley1@bloglines.com","2021-03-23"
3,"jkebbell2","omarsay2@mysql.com","2022-01-14"
4,"dtrewhitt3","hmcgarva3@etsy.com","2021-09-12"
5,"wlewsie4","ablagdon4@weebly.com","2022-01-09"
6,"kadriaens5","jchippin5@stanford.edu","2021-07-22"
7,"wkilbane6","lpainswick6@toplist.cz","2021-02-27"
8,"vgarrow7","bgreenier7@alexa.com","2021-11-17"
9,"slanaway8","lcopello8@issuu.com","2021-10-09"
10,"mdyzart9","eandrieux9@google.com.br","2021-10-04"
11,"kapplebeea","dbettama@photobucket.com","2021-12-25"
12,"rhutleyb","lyoungerb@hubpages.com","2021-11-05"
13,"cmiddletonc","lvailc@tiny.cc","2021-07-26"
14,"gnapletond","amalmard@joomla.org","2021-02-28"
15,"bmaiore","eyulee@craigslist.org","2021-11-23"
16,"cmaslinf","smakeyf@netlog.com","2021-11-30"
17,"lbarklyg","fwingfieldg@telegraph.co.uk","2021-04-23"
18,"dbaddamh","gdafyddh@squarespace.com","2022-01-11"
19,"knormavelli","cwiffilli@flavors.me","2021-03-08"
20,"tpowtonj","gblackmuirj@jimdo.com","2021-04-30"
21,"jdaenk","kmundowk@sitemeter.com","2021-10-05"
22,"ychalfainl","ctimbrelll@opensource.org","2021-12-22"
23,"wlanghornem","cgilluleym@purevolume.com","2021-10-16"
24,"cemmsn","ajendrachn@lycos.com","2021-11-16"
25,"jcrammyo","dspratto@smh.com.au","2021-05-27"
26,"cstranahanp","rallowayp@addtoany.com","2022-01-30"
27,"auphillq","mmatyuginq@berkeley.edu","2021-03-17"
28,"mleemansr","bbradockr@opensource.org","2021-06-10"
29,"kcleyburns","ddouses@lycos.com","2021-06-22"
30,"tfeldbaumt","bklausent@e-recht24.de","2021-11-20"
31,"jrumminsu","sreddochu@oaic.gov.au","2021-09-13"
32,"kscatchardv","cbarnacloughv@nymag.com","2021-08-02"
33,"jrumneyw","lkordovaw@shinystat.com","2021-11-16"
34,"ceassonx","gkinnyx@hc360.com","2022-01-12"
35,"vhaugeny","bciepluchy@cornell.edu","2021-06-09"
36,"nslaynyz","npalethorpez@nba.com","2021-06-02"
37,"fhainey10","gloads10@networksolutions.com","2021-10-20"
38,"hhabben11","cjacop11@whitehouse.gov","2021-10-21"
39,"ghanhard12","dmacanelley12@exblog.jp","2021-03-13"
40,"lheal13","skencott13@icq.com","2021-02-06"
41,"jrupp14","mhuge14@ucoz.ru","2021-06-15"
42,"kdedomenici15","wrosenshine15@sun.com","2022-01-02"
43,"hmuzzollo16","kmcvicker16@ask.com","2021-12-03"
44,"ptroutbeck17","wvanhaeften17@google.com.br","2021-08-19"
45,"plife18","jhames18@google.it","2021-11-12"
46,"olainge19","hyuille19@smh.com.au","2021-02-14"
47,"etaffarello1a","abarkas1a@google.com.au","2021-05-01"
48,"pedrich1b","gburberye1b@pagesperso-orange.fr","2021-10-05"
49,"ajoreau1c","cferry1c@elegantthemes.com","2021-03-19"
50,"jgrose1d","zbuffham1d@nationalgeographic.com","2021-03-26"
